Family,Genus,Species
Zenarchopteridae,Zenarchopterus,dispar
Acanthuridae,Zebrasoma ,desjardinii
Acanthuridae,Zebrasoma ,scopas
Acanthuridae,Zebrasoma ,flavescens
Acanthuridae,Zebrasoma ,xanthurum
Acanthuridae,Zebrasoma ,rostratum
Zanclidae,Zanclus,cornutus
Labridae,Wetmorella,albofasciata
Labridae,Wetmorella,nigropinnata
Serranidae,Variola ,louti
Serranidae,Variola ,albimarginata
Gobiidae,Valenciennea,strigata
Mugilidae,Valamugil,engeli
Mugilidae,Valamugil,seheli
Carangidae,Uraspis,helvola
Mullidae,Upeneus,moluccensis
Mullidae,Upeneus,vittatus
Belonidae,Tylosurus,crocodilus
Carangidae,Trachinotus,baillonii
Carangidae,Trachinotus,blochi
Toxotidae,Toxotes,jaculatrix
Scombridae,Thunnus,albacares
Labridae,Thalassoma,jansenii
Labridae,Thalassoma,trilobatum
Labridae,Thalassoma,trilobatum
Labridae,Thalassoma,lutescens
Labridae,Thalassoma,lutescens
Labridae,Thalassoma,quinquevittatum
Labridae,Thalassoma,quinquevittatum
Labridae,Thalassoma,purpureum
Labridae,Thalassoma,purpureum
Labridae,Thalassoma,hardwicke
Labridae,Thalassoma,lunare
Labridae,Thalassoma,lunare
Labridae,Thalassoma,amblycephalum
Labridae,Thalassoma,amblycephalum
Labridae,Thalassoma,genivittatum
Labridae,Thalassoma,genivittatum
Labridae,Thalassoma,duperrey
Labridae,Thalassoma,hebraicum
Labridae,Thalassoma,ballieui
Labridae,Thalassoma,klunzingeri
Terapontidae,Terapon,jarbua
Synodontinae,Synodus,dermatogenys
Synodontinae,Synodus,variegatus
Lutjanidae,Symphorus,nematophorus
Lutjanidae,Symphorichtys,spilurus
Balistidae,Suflamen,chrysoterum
Balistidae,Sufflamen,albicaudatum
Balistidae,Sufflamen,bursa
Balistidae,Sufflamen,chrysopterum
Balistidae,Sufflamen,fraenatum
Labridae,Suezichthys,arquatus
Labridae,Suezichthys,gracilis
Belonidae,Strongylura,incisa
Labridae,Stethojulis,bandanensis
Labridae,Stethojulis,bandanensis
Labridae,Stethojulis,strigiventer
Labridae,Stethojulis,strigiventer
Labridae,Stethojulis,trilineata
Labridae,Stethojulis,trilineata
Labridae,Stethojulis,interrupta
Labridae,Stethojulis,interrupta
Labridae,Stethojulis,albovittata
Labridae,Stethojulis,albovittata
Labridae,Stethojulis,balteata
Labridae,Stethojulis,strigiventer
Pomacentridae,Stegastes,obreptus
Pomacentridae,Stegastes,fasciolatus
Pomacentridae,Stegastes,gascoynei
Pomacentridae,Stegastes,aureus
Pomacentridae,Stegastes,lividus
Pomacentridae,Stegastes,nigricans
Pomacentridae,Stegastes,altus
Pomacentridae,Stegastes,apicalis
Pomacentridae,Stegastes,albifasciatus
Sphyraenidae,Sphyraena,flavicauda
Sphyraenidae,Sphyraena,helleri
Sphyraenidae,Sphyraena,forsteri
Sphyraenidae,Sphyraena,barracuda
Sphyraenidae,Sphyraena,jello
Sphyraenidae,Sphyraena,qenie
Sphyraenidae,Sphyraena,acutipinnis
Sphyraenidae,Sphyraena,putnamiae
Scaridae,Sparisoma,chrysopterum
Siganidae,Siganus,doliatus
Siganidae,Siganus,guttatus
Siganidae,Siganus,puelloides
Siganidae,Siganus,javus
Siganidae,Siganus,sutor
Serranidae,Serranocirrhitus,latus
Carangidae,Seriola,lalandi
Carangidae,Seriola,dumerili
Carangidae,Seriola,rivoliana
Carangidae,Selaroides,leptoplepis
Carangidae,Selar,boops
Carangidae,Selar,crumenophthalmus
Scombridae,Scomberomorus,commerson
Carangidae,Scomberoides,commersonnianus
Carangidae,Scomberoides,lysan
Nemipteridae,Scolopsis,temporalis
Nemipteridae,Scolopsis,lineata
Nemipteridae,Scolopsis,bilineatus
Nemipteridae,Scolopsis,margaritifera
Nemipteridae,Scolopsis,trilineatus
Nemipteridae,Scolopsis,taeniopterus
Nemipteridae,Scolopsis,margaritifer
Nemipteridae,Scolopsis,ciliatus
Nemipteridae,Scolopsis,ghanam
Nemipteridae,Scolopsis,affinis
Nemipteridae,Scolopsis,monogramma
Nemipteridae,Scolopsis,lineatus
Nemipteridae,Scolopsis,xenochrous
Nemipteridae,Scolopsis,vosmeri
Nemipteridae,Scolopsis,aurata
Nemipteridae,Scolopsis,frenata
Nemipteridae,Scolopsis,bimaculatus
Scaridae,Scarus,flavipectoralis
Scaridae,Scarus,flavipectoralis
Scaridae,Scarus,dimidiatus
Scaridae,Scarus,sordidus
Scaridae,Scarus,dimidiatus
Scaridae,Scarus,oviceps
Scaridae,Scarus,oviceps
Scaridae,Scarus,forsteni
Scaridae,Scarus,forsteni
Scaridae,Scarus,chameleon
Scaridae,Scarus,chameleon
Scaridae,Scarus,frenatus
Scaridae,Scarus,frenatus
Scaridae,Scarus,hypselopterus
Scaridae,Scarus,hypselopterus
Scaridae,Scarus,ghobban
Scaridae,Scarus,ghobban
Scaridae,Scarus,prasiognathos
Scaridae,Scarus,prasiognathos
Scaridae,Scarus,globiceps
Scaridae,Scarus,globiceps
Scaridae,Scarus,psittacus
Scaridae,Scarus,psittacus
Scaridae,Scarus,rivulatus
Scaridae,Scarus,rivulatus
Scaridae,Scarus,schlegeli
Scaridae,Scarus,schlegeli
Scaridae,Scarus,russelii
Scaridae,Scarus,russelii
Scaridae,Scarus,spinus
Scaridae,Scarus,spinus
Scaridae,Scarus,tricolor
Scaridae,Scarus,tricolor
Scaridae,Scarus,rubroviolaceus
Scaridae,Scarus,rubroviolaceus
Scaridae,Scarus,xanthopleura
Scaridae,Scarus,xanthopleura
Scaridae,Scarus,altipinnis
Scaridae,Scarus,altipinnis
Scaridae,Scarus,niger
Scaridae,Scarus,niger
Scaridae,Scarus,festivus
Scaridae,Scarus,viridifucatus
Scaridae,Scarus,viridifucatus
Scaridae,Scarus,koputea
Scaridae,Scarus,koputea
Scaridae,Scarus,quoyi
Scaridae,Scarus,quoyi
Scaridae,Scarus,longipinnis
Scaridae,Scarus,longipinnis
Scaridae,Scarus,falcipinnis
Scaridae,Scarus,scaber
Scaridae,Scarus,scaber
Scaridae,Scarus,caudofasciatus
Scaridae,Scarus,caudofasciatus
Scaridae,Scarus,arabicus
Scaridae,Scarus,ferrugineus
Scaridae,Scarus,ferrugineus
Scaridae,Scarus,fuscopurpureus
Scaridae,Scarus,collana
Scaridae,Scarus,dubius
Scaridae,Scarus,dubius
Scaridae,Scarus,ovifrons
Nemipteridae,Scaevius,milii
Scombridae,Sarda,orientalis
Sparidae,Rhabdosargus,sarba
Scombridae,Rastrelliger,kanagurta
Serranidae,Rainfordia,opercularis
Rachycentridae,Rachycentron,canadum
Serranidae,Rabaulichthys,altipinnis
Serranidae,Rabaulichthys,stigmaticus
Caesionidae,Pterocaesio,tile
Caesionidae,Pterocaesio,pisang
Caesionidae,Pterocaesio,marri
Caesionidae,Pterocaesio,trilineata
Caesionidae,Pterocaesio,digramma
Caesionidae,Pterocaesio,randalli
Caesionidae,Pterocaesio,chrysozona
Caesionidae,Pterocaesio,tessellata
Caesionidae,Pterocaesio,lativittata
Labridae,Pteragogus,cryptus
Labridae,Pteragogus,enneacanthus
Labridae,Pteragogus,flagellifer
Labridae,Pseudojuloides,cerasinus
Labridae,Pseudojuloides,cerasinus
Labridae,Pseudojuloides,kaleidos
Labridae,Pseudojuloides,kaleidos
Labridae,Pseudojuloides,erythrops
Labridae,Pseudojuloides,erythrops
Labridae,Pseudojuloides,atavai
Labridae,Pseudojuloides,atavai
Serranidae,Pseudogramma,polyacanthum
Labridae,Pseudodax,Mollusksanus
Labridae,Pseudocoris,aurantiofasciatus
Labridae,Pseudocoris,bleekeri
Labridae,Pseudocoris,bleekeri
Labridae,Pseudocoris,yamashiroi
Labridae,Pseudocoris,yamashiroi
Labridae,Pseudocoris,heteroptera
Labridae,Pseudocoris,yamashiroi
Labridae,Pseudocoris,philippina
Labridae,Pseudocoris,aurantifasciata
Labridae,Pseudochelinus,octotaenia
Labridae,Pseudocheilinus,ocellatus
Labridae,Pseudocheilinus,octotaenia
Labridae,Pseudocheilinus,evanidus
Labridae,Pseudocheilinus,hexataenia
Labridae,Pseudocheilinus,tetrataenia
Labridae,Pseudocheilinops,ataenia
Carangidae,Pseudocaranx,dentex
Serranidae,Pseudanthias,townsendi
Serranidae,Pseudanthias,townsendi
Serranidae,Pseudanthias,taeniatus
Serranidae,Pseudanthias,taeniatus
Serranidae,Pseudanthias,heemstrai
Serranidae,Pseudanthias,heemstrai
Serranidae,Pseudanthias,bartlettorum
Serranidae,Pseudanthias,evansi
Serranidae,Pseudanthias,evansi
Serranidae,Pseudanthias,ventralis
Serranidae,Pseudanthias,ventralis
Serranidae,Pseudanthias,bimaculatus
Serranidae,Pseudanthias,bimaculatus
Serranidae,Pseudanthias,pleurotaenia
Serranidae,Pseudanthias,pleurotaenia
Serranidae,Pseudanthias,sheni
Serranidae,Pseudanthias,sheni
Serranidae,Pseudanthias,venator
Serranidae,Pseudanthias,bicolor
Serranidae,Pseudanthias,bicolor
Serranidae,Pseudanthias,engelhardi
Serranidae,Pseudanthias,engelhardi
Serranidae,Pseudanthias,pictilis
Serranidae,Pseudanthias,pictilis
Serranidae,Pseudanthias,ignitus
Serranidae,Pseudanthias,ignitus
Serranidae,Pseudanthias,dispar
Serranidae,Pseudanthias,dispar
Serranidae,Pseudanthias,pascalus
Serranidae,Pseudanthias,pascalus
Serranidae,Pseudanthias,tuka
Serranidae,Pseudanthias,tuka
Serranidae,Pseudanthias,huchti
Serranidae,Pseudanthias,huchti
Serranidae,Pseudanthias,hypselosoma
Serranidae,Pseudanthias,hypselosoma
Serranidae,Pseudanthias,squamipinnis
Serranidae,Pseudanthias,squamipinnis
Serranidae,Pseudanthias,randalli
Serranidae,Pseudanthias,randalli
Serranidae,Pseudanthias,aurulentus
Serranidae,Pseudanthias,luzonensis
Serranidae,Pseudanthias,luzonensis
Serranidae,Pseudanthias,hutomoi
Serranidae,Pseudanthias,hutomoi
Serranidae,Pseudanthias,olivaceus
Serranidae,Pseudanthias,olivaceus
Serranidae,Pseudanthias,cooperi
Serranidae,Pseudanthias,cooperi
Serranidae,Pseudanthias,rubrizonatus
Serranidae,Pseudanthias,rubrizonatus
Serranidae,Pseudanthias,parvirostris
Serranidae,Pseudanthias,parvirostris
Serranidae,Pseudanthias,lori
Serranidae,Pseudanthias,flavoguttatus
Serranidae,Pseudanthias,smithvanizi
Serranidae,Pseudanthias,smithvanizi
Serranidae,Pseudanthias,fasciatus
Serranidae,Pseudanthias,pictilis
Serranidae,Pseudanthias,thompsoni
Serranidae,Pseudanthias,pictilis
Latidae,Psammoperca,waigiensis
Pomacentridae,Pristotis,obtusirostris
Priacanthidae,Priacanthus,blochii
Priacanthidae,Priacanthus,hamrur
Priacanthidae,Priacanthus,meeki
Pomacentridae,Premnas,biaculeatus
Pomacanthidae,Pomocanthus,xanthometopon
Pomacentridae,Pomachromis,guamensis
Pomacentridae,Pomachromis,richardsoni
Pomacentridae,Pomacentrus,alleni
Pomacentridae,Pomacentrus,albicaudatus
Pomacentridae,Pomacentrus,colini
Pomacentridae,Pomacentrus,leptus
Pomacentridae,Pomacentrus,amboinensis
Pomacentridae,Pomacentrus,taeniometopon
Pomacentridae,Pomacentrus,spilotoceps
Pomacentridae,Pomacentrus,albimaculus
Pomacentridae,Pomacentrus,komodoensis
Pomacentridae,Pomacentrus,opisthostigma
Pomacentridae,Pomacentrus,burroughi
Pomacentridae,Pomacentrus,proteus
Pomacentridae,Pomacentrus,milleri
Pomacentridae,Pomacentrus,armillatus
Pomacentridae,Pomacentrus,polyspinus
Pomacentridae,Pomacentrus,pavo
Pomacentridae,Pomacentrus,coelestis
Pomacentridae,Pomacentrus,alleni
Pomacentridae,Pomacentrus,similis
Pomacentridae,Pomacentrus,auriventris
Pomacentridae,Pomacentrus,limosus
Pomacentridae,Pomacentrus,australis
Pomacentridae,Pomacentrus,azuremaculatus
Pomacentridae,Pomacentrus,reidi
Pomacentridae,Pomacentrus,geminospilus
Pomacentridae,Pomacentrus,vaiuli
Pomacentridae,Pomacentrus,adelus
Pomacentridae,Pomacentrus,javanicus
Pomacentridae,Pomacentrus,stigma
Pomacentridae,Pomacentrus,bankanensis
Pomacentridae,Pomacentrus,saksonoi
Pomacentridae,Pomacentrus,chrysurus
Pomacentridae,Pomacentrus,nigromarginatus
Pomacentridae,Pomacentrus,philippinus
Pomacentridae,Pomacentrus,lepidogenys
Pomacentridae,Pomacentrus,nigromanus
Pomacentridae,Pomacentrus,imitator
Pomacentridae,Pomacentrus,nagasakiensis
Pomacentridae,Pomacentrus,cuneatus
Pomacentridae,Pomacentrus,grammorhynchus
Pomacentridae,Pomacentrus,brachialus
Pomacentridae,Pomacentrus,alexanderae
Pomacentridae,Pomacentrus,moluccensis
Pomacentridae,Pomacentrus,simsiang
Pomacentridae,Pomacentrus,taeniomepoton
Pomacentridae,Pomacentrus,littoralis
Pomacentridae,Pomacentrus,wardi
Pomacentridae,Pomacentrus,melanochir
Pomacentridae,Pomacentrus,tripunctatus
Pomacentridae,Pomacentrus,smithi
Pomacentridae,Pomacentrus,aurifrons
Pomacanthidae,Pomacanthus,sexstriatus
Pomacanthidae,Pomacanthus,semicirculatus
Pomacanthidae,Pomacanthus,sexstriatus
Polynemidae,Polydactylus,sexfilis
Serranidae,Pogonoperca,punctata
Haemulidae,Plectrorhinchus,vittatus
Serranidae,Plectropomus,albovittatus
Serranidae,Plectropomus,oligacanthus
Serranidae,Plectropomus,maculatus
Serranidae,Plectropomus,leopardus
Serranidae,Plectropomus,laevis
Serranidae,Plectropomus,areolatus
Serranidae,Plectropomus,pessuliferus
Serranidae,Plectropomus,punctatus
Pomacentridae,Plectroglyphiododon,luteobrunneus
Pomacentridae,Plectroglyphidodon,johnstonianus
Pomacentridae,Plectroglyphidodon,emeryi
Pomacentridae,Plectroglyphidodon,phoenixensis
Pomacentridae,Plectroglyphidodon,dickii
Pomacentridae,Plectroglyphidodon,imparipennis
Pomacentridae,Plectroglyphidodon,lacrymatus
Pomacentridae,Plectroglyphidodon,leucozonus
Serranidae,Plectranthias,nanus
Serranidae,Plectranthias,longimanus
Serranidae,Plectranthias,inermis
Serranidae,Plectranthias,winniensis
Haemulidae,Plectorhinchus,chrysotaenia
Haemulidae,Plectorhinchus,multivittatum
Haemulidae,Plectorhinchus,lineatus
Haemulidae,Plectorhinchus,vittatus
Haemulidae,Plectorhinchus,lessonii
Haemulidae,Plectorhinchus,polytaenia
Haemulidae,Plectorhinchus,flavomaculatus
Haemulidae,Plectorhinchus,albovittatus
Haemulidae,Plectorhinchus,picus
Haemulidae,Plectorhinchus,unicolor
Haemulidae,Plectorhinchus,chaetodonoides
Haemulidae,Plectorhinchus,gibbosus
Haemulidae,Plectorhinchus,cinctus
Haemulidae,Plectorhinchus,playfairi
Haemulidae,Plectorhinchus,schotaf
Haemulidae,Plectorhinchus,plagiodesmus
Haemulidae,Plectorhinchus,chubbi
Haemulidae,Plectorhinchus,sordidus
Haemulidae,Plectorhinchus,gaterinus
Haemulidae,Plectorhinchus,paulayi
Belonidae,Platybelone,argalus
Lutjanidae,Pinjalo,pinjalo
Lutjanidae,Pinjalo,lewisi
Nemipteridae,Pentapodus,emeryii
Nemipteridae,Pentapodus,aureofasciatus
Nemipteridae,Pentapodus,paradiseus
Nemipteridae,Pentapodus,setosus
Nemipteridae,Pentapodus,porosus
Nemipteridae,Pentapodus,caninus
Nemipteridae,Pentapodus,nagasakiensis
Nemipteridae,Pentapodus,trivittatus
Nemipteridae,Pentapodus,bifasciatus
Nemipteridae,Pentapodus,vitta
Mullidae,Parupeneus,barberinoides 
Mullidae,Parupeneus,barberinus
Mullidae,Parupeneus,macronema
Mullidae,Parupeneus,indicus 
Mullidae,Parupeneus,pleurostigma 
Mullidae,Parupeneus,multifasciatus 
Mullidae,Parupeneus,porphyreus
Mullidae,Parupeneus,rubescens
Mullidae,Parupeneus,heptacanthus
Mullidae,Parupeneus,ciliatus
Mullidae,Parupeneus,cyclostomus
Cirrhitidae,Paracirrhites,arcatus
Cirrhitidae,Paracirrhites,nisus
Cirrhitidae,Paracirrhites,hemistictus
Cirrhitidae,Paracirrhites,xanthus
Cirrhitidae,Paracirrhites,forsteri
Labridae,Paracheilinus,cyaneus
Labridae,Paracheilinus,cyaneus
Labridae,Paracheilinus,filamentosus
Labridae,Paracheilinus,filamentosus
Labridae,Paracheilinus,sp
Labridae,Paracheilinus,carpenteri
Labridae,Paracheilinus,carpenteri
Labridae,Paracheilinus,mccoskeri
Labridae,Paracheilinus,mccoskeri
Labridae,Paracheilinus,angulatus
Labridae,Paracheilinus,flavianalis
Labridae,Paracheilinus,bellae
Labridae,Paracheilinus,lineopunctatus
Labridae,Paracheilinus,octotaenia
Lutjanidae,Paracaesio,xanthura
Lutjanidae,Paracaesio,sordida
Cirrhitidae,Oxycirrhites,typus
Labridae,Oxycheilinus,celebicus
Labridae,Oxycheilinus,bimaculatus
Labridae,Oxycheilinus,digrammus
Labridae,Oxycheilinus,arenatus
Labridae,Oxycheilinus,celebicus
Labridae,Oxycheilinus,mentalis
Labridae,Oxycheilinus,rhodochrous
Labridae,Oxycheilinus,orientalis
Mugilidae,Oedalechilus,labiosus
Labridae,Novaculichthys,taeniourus
Labridae,Novaculichthys,macrolepidotus
Cirrhitidae,Notocirrhitus,splendens
Pomacentridae,Neopomacentrus,bankieri
Pomacentridae,Neopomacentrus,azysron
Pomacentridae,Neopomacentrus,nemurus
Pomacentridae,Neopomacentrus,violascens
Pomacentridae,Neopomacentrus,cyanomos
Pomacentridae,Neopomacentrus,taeniurus
Pomacentridae,Neopomacentrus,filamentosus
Pomacentridae,Neopomacentrus,aquadulcis
Mugilidae,Neomyxus,leuciscus
Pomacentridae,Neoglyphidodon,crossi
Pomacentridae,Neoglyphidodon,nigroris
Pomacentridae,Neoglyphidodon,carlsoni
Pomacentridae,Neoglyphidodon,bonang
Pomacentridae,Neoglyphidodon,melas
Pomacentridae,Neoglyphidodon,oxyodon
Pomacentridae,Neoglyphidodon,polyacanthus
Pomacentridae,Neoglyphidodon,thoracotaeniatus
Cirrhitidae,Neocirrhitus,armatus
Nemipteridae,Nemipterus,furcosus
Serranidae,Nemanthias,carberryi
Monacanthidae,Nelusetta,ayraud
Carangidae,Naucrates,ductor
Acanthuridae,Naso,elegans
Acanthuridae,Naso,caesius
Mullidae,Mulloidichthys,flavolineatus
Mullidae,Mulloidichthys,vanicolensis
Mullidae,Mulloidichthys,mimicus
Lethrinidae,Monotaxis,grandoculis
Monodactylidae,Monodactyus,argenteus
Labridae,Minilabrus,striatus
Microcanthidae,Microcanthus,strigatus
Terapontidae,Mesopristes,argenteus
Balistidae,Melichthys,indicus
Megalopidae,Megalops,cyprinoides
Malacanthidae ,Malacanthus,latovittatus
Labridae,Macropharyngodon,kuiteri
Labridae,Macropharyngodon,kuiteri
Labridae,Macropharyngodon,meleagaris
Labridae,Macropharyngodon,meleagaris
Labridae,Macropharyngodon,negrosensis
Labridae,Macropharyngodon,negrosensis
Labridae,Macropharyngodon,choati
Labridae,Macropharyngodon,ornatus
Labridae,Macropharyngodon,ornatus
Labridae,Macropharyngodon,bipartitus
Labridae,Macropharyngodon,bipartitus
Labridae,Macropharyngodon,geoffroyi
Lutjanidae,Macolor,niger
Lutjanidae,Macolor,macularis
Serranidae,Luzonichthys,earlei
Serranidae,Luzonichthys,waitei
Serranidae,Luzonichthys,whitleyi
Lutjanidae,Lutjanus,gibbus
Lutjanidae,Lutjanus,sebae
Lutjanidae,Lutjanus,malabaricus
Lutjanidae,Lutjanus,timorensis
Lutjanidae,Lutjanus,fulviflamma
Lutjanidae,Lutjanus,ehrenbergii
Lutjanidae,Lutjanus,kasmira
Lutjanidae,Lutjanus,quinquelineatus
Lutjanidae,Lutjanus,bengalensis
Lutjanidae,Lutjanus,carponotatus
Lutjanidae,Lutjanus,rufolineatus
Lutjanidae,Lutjanus,biguttatus
Lutjanidae,Lutjanus,lutjanus
Lutjanidae,Lutjanus,madras
Lutjanidae,Lutjanus,monostigma
Lutjanidae,Lutjanus,boutton
Lutjanidae,Lutjanus,lunulatus
Lutjanidae,Lutjanus,maxweberi
Lutjanidae,Lutjanus,vitta
Lutjanidae,Lutjanus,fulvus
Lutjanidae,Lutjanus,argentimaculatus
Lutjanidae,Lutjanus,lemniscatus
Lutjanidae,Lutjanus,bohar
Lutjanidae,Lutjanus,russelii
Lutjanidae,Lutjanus,semicinctus
Lutjanidae,Lutjanus,decussatus
Lutjanidae,Lutjanus,sanguineus
Lutjanidae,Lutjanus,notatus
Lutjanidae,Lutjanus,coeruleolineatus
Lutjanidae,Lutjanus,johnii
Lutjanidae,Lutjanus,adetii
Lutjanidae,Lutjanus,rivulatus
Mugilidae,Liza,vaigiensis
Serranidae,Liopropoma,mitratum
Serranidae,Liopropoma,aurora
Serranidae,Liopropoma,tonstrinum
Serranidae,Liopropoma,susumi
Serranidae,Liopropoma,africanum
Lethrinidae,Lethrinus,olivaceus
Lethrinidae,Lethrinus,nebulosus
Lethrinidae,Lethrinus,rubrioperculatus
Lethrinidae,Lethrinus,xanthochilus
Lethrinidae,Lethrinus,harak
Lethrinidae,Lethrinus,lentjan
Lethrinidae,Lethrinus,obsoletus
Lethrinidae,Lethrinus,microdon
Lethrinidae,Lethrinus,erythracanthus
Lethrinidae,Lethrinus,genivittatus
Lethrinidae,Lethrinus,semicinctus
Lethrinidae,Lethrinus,laticaudis
Lethrinidae,Lethrinus,miniatus
Lethrinidae,Lethrinus,amboninensis
Lethrinidae,Lethrinus,amboninensis
Lethrinidae,Lethrinus,erythropterus
Lethrinidae,Lethrinus,variegatus
Lethrinidae,Lethrinus,ornatus
Lethrinidae,Lethrinus,atkinsoni
Lethrinidae,Lethrinus,borbonicus
Lethrinidae,Lethrinus,mahsena
Lethrinidae,Lethrinus,conchyliatus
Scaridae,Leptoscarus,vaigiensis
Scaridae,Leptoscarus,vaigiensis
Labridae,Leptojulis,cyanopleura
Labridae,Leptojulis,cyanopleura
Pomacentridae,Lepidozygus,tapeinosoma
Leiognathidae,Leiognathus,bindus
Leiognathidae,Leiognathus,equulus
Labridae,Larabicus,quadrilineatus
Labridae,Larabicus,quadrilineatus
Labridae,Labropsis,xanthonota
Labridae,Labropsis,alleni
Labridae,Labropsis,alleni
Labridae,Labropsis,micronesia
Labridae,Labropsis,micronesia
Labridae,Labroides,rubrolabiatus
Labridae,Labroides,bicolor
Labridae,Labroides,pectoralis
Labridae,Labroides,dimidiatus
Labridae,Labroides,phthirophagus
Labridae,Labrichthys,unilineatus
Labridae,Labrichthys,unilineatus
Kyphosidae,Kyphosus,cinerascens
Kyphosidae,Kyphosus,vaigiensis
Kyphosidae,Kyphosus,bigibbus
Kyphosidae,Kyphosus,cornelii
Kuhliidae,Kuhlia,mugil
Kuhliidae,Kuhlia,marginata
Labridae,Iniistius,aneitensis
Labridae,Iniistius,pentadactylus
Labridae,Iniistius,pentadactylus
Labridae,Iniistius,pavo
Labridae,Iniistius,tetrazona
Labridae,Iniistius,tetrazona
Labridae,Iniistius,celebicus
Hemiramphidae,Hyporhamphus,dussumieri
Atherinidae,Hypoatherina,barnesi
Labridae,Hologymnosus,annulatus
Labridae,Hologymnosus,annulatus
Labridae,Hologymnosus,doliatus
Labridae,Hologymnosus,doliatus
Labridae,Hologymnosus,rhodonotus
Labridae,Hologymnosus,rhodonotus
Labridae,Hologymnosus,longipes
Labridae,Hologymnosus,longipes
Scaridae,Hipposcarus,harid
Scaridae,Hipposcarus,longiceps
Priacanthidae,Heteropriacanthus,cruentatus
Labridae,Hemigymnus,melapterus
Labridae,Hemigymnus,fasciatus
Labridae,Hemigymnus,fasciatus
Pomacentridae,Hemiglyphidodon,plagiometopon
Labridae,Halichoeres,chrysus
Labridae,Halichoeres,chrysus
Labridae,Halichoeres,leucoxanthus
Labridae,Halichoeres,leucoxanthus
Labridae,Halichoeres,chloropterus
Labridae,Halichoeres,chloropterus
Labridae,Halichoeres,melanurus
Labridae,Halichoeres,melanurus
Labridae,Halichoeres,richmondi
Labridae,Halichoeres,richmondi
Labridae,Halichoeres,leucurus
Labridae,Halichoeres,leucurus
Labridae,Halichoeres,solorensis
Labridae,Halichoeres,chlorocephalus
Labridae,Halichoeres,chlorocephalus
Labridae,Halichoeres,vrolikii
Labridae,Halichoeres,vrolikii
Labridae,Halichoeres,zeylonicus
Labridae,Halichoeres,chierchiae
Labridae,Halichoeres,chrysotaenia
Labridae,Halichoeres,zeylonicus
Labridae,Halichoeres,scapularis
Labridae,Halichoeres,trimaculatus
Labridae,Halichoeres,melasmapomus
Labridae,Halichoeres,rubricephalus
Labridae,Halichoeres,podostigma
Labridae,Halichoeres,prosopeion
Labridae,Halichoeres,argus
Labridae,Halichoeres,argus
Labridae,Halichoeres,nigrescens
Labridae,Halichoeres,nigrescens
Labridae,Halichoeres,nebulosus
Labridae,Halichoeres,marginatus
Labridae,Halichoeres,melanochir
Labridae,Halichoeres,melanochir
Labridae,Halichoeres,pallidus
Labridae,Halichoeres,trispilus
Labridae,Halichoeres,hortulanus
Labridae,Halichoeres,hortulanus
Labridae,Halichoeres,margaritaceus
Labridae,Halichoeres,cosmetus
Labridae,Halichoeres,cosmetus
Labridae,Halichoeres,binotopsis
Labridae,Halichoeres,biocellatus
Labridae,Halichoeres,biocellatus
Labridae,Halichoeres,ornatissimus
Labridae,Halichoeres,ornatissimus
Labridae,Halichoeres,papilionaceus
Labridae,Halichoeres,iridis
Labridae,Halichoeres,iridis
Labridae,Halichoeres,dussumieri
Labridae,Halichoeres,dussumieri
Labridae,Halichoeres,timorensis
Labridae,Halichoeres,timorensis
Labridae,Halichoeres,purpurascens
Labridae,Halichoeres,purpurascens
Scombridae,Gymnosarda,unicolor
Lethrinidae,Gymnocranius,griseus
Lethrinidae,Gymnocranius,satoi (sp.)
Lethrinidae,Gymnocranius,microdon
Lethrinidae,Gymnocranius,frenatus
Lethrinidae,Gymnocranius,grandoculis
Lethrinidae,Gymnocranius,euanus
Lethrinidae,Gymnocranius,audleyi
Caesionidae,Gymnocaesio,gymnoptera
Serranidae,Grammistops,ocellatus
Serranidae,Grammistes,sexlineatus
Scombridae,Grammatorcynus,bilineatus
Serranidae,Gracila,albomarginata
Labridae,Gomphosus,varius
Labridae,Gomphosus,varius
Labridae,Gomphosus,caeruleus
Labridae,Gomphosus,caeruleus
Lethrinidae,Gnathodentex,aurolineatus
Carangidae,Gnathanodon,speciosus
Glaucosomatidae,Glaucosoma,magnificum
Gerreidae,Gerres,erythrourus
Gerreidae,Gerres,acinaces
Gerreidae,Gerres,oblongus
Gerreidae,Gerres,oyena
Leiognathidae,Gazza,minuta
Serranidae,Epinephelus,chlorostigma
Serranidae,Epinephelus,waandersi
Serranidae,Epinephelus,socialis
Serranidae,Epinephelus,cyanopodus
Serranidae,Epinephelus,longispinis
Serranidae,Epinephelus,bontoides
Serranidae,Epinephelus,corallicola
Serranidae,Epinephelus,bleekeri
Serranidae,Epinephelus,macrospilos
Serranidae,Epinephelus,howlandi
Serranidae,Epinephelus,tauvina
Serranidae,Epinephelus,areolatus
Serranidae,Epinephelus,bilobatus
Serranidae,Epinephelus,quoyanus
Serranidae,Epinephelus,merra
Serranidae,Epinephelus,spilotoceps
Serranidae,Epinephelus,hexagonatus
Serranidae,Epinephelus,polyphekadion
Serranidae,Epinephelus,melanostigma
Serranidae,Epinephelus,miliaris
Serranidae,Epinephelus,erythrurus
Serranidae,Epinephelus,maculatus
Serranidae,Epinephelus,multinotatus
Serranidae,Epinephelus,caeruleopunctatus
Serranidae,Epinephelus,ongus
Serranidae,Epinephelus,malabaricus
Serranidae,Epinephelus,fuscoguttatus
Serranidae,Epinephelus,coioides
Serranidae,Epinephelus,tukula
Serranidae,Epinephelus,lanceolatus
Serranidae,Epinephelus,undulosus
Serranidae,Epinephelus,fasciatus
Serranidae,Epinephelus,rivulatus
Serranidae,Epinephelus,flavocaeruleus
Serranidae,Epinephelus,summana
Serranidae,Epinephelus,daemelii
Serranidae,Epinephelus,stoliczkae
Serranidae,Epinephelus,gabriellae
Serranidae,Epinephelus,undulatostriatus
Serranidae,Epinephelus,andersoni
Labridae,Epibulus,insidiator
Labridae,Epibulus,insidiator
Carangidae,Elagatis,bipinnulatus
Pomacentridae,Dischistodus,perspicillatus 
Pomacentridae,Dischistodus,melatonus
Pomacentridae,Dischistodus,prosopotaenia
Pomacentridae,Dischistodus,chrysopoecilus
Pomacentridae,Dischistodus,pseudochrysopoecilus
Pomacentridae,Dischistodus,fasciatus
Pomacentridae,Dischistodus,darwinensis
Caesionidae,Dipterygonatus,balteatus
Labridae,Diproctacanthus,xanthurus
Serranidae,Diploprion,bifasciatum
Sparidae,Diplodus,noct
Sparidae,Diplodus,cervinus
Haemulidae,Diagramma,sp
Haemulidae,Diagramma,pictum
Serranidae,Dermatolepis,striolata
Carangidae,Decapterus,russelli
Carangidae,Decapterus,macarellus
Pomacentridae,Dascyllus,flavicaudus
Pomacentridae,Dascyllus,trimaculatus
Pomacentridae,Dascyllus,auripinnis
Pomacentridae,Dascyllus,aruanus
Pomacentridae,Dascyllus,melanurus
Pomacentridae,Dascyllus,carneus
Pomacentridae,Dascyllus,reticulatus
Cirrhitidae,Cyprinocirrhites,polyactis
Labridae,Cymolutes,praetextatus
Labridae,Cymolutes,torquatus
Acanthuridae,Ctenochaetus,striatus
Acanthuridae,Ctenochaetus,cyanocheilus
Acanthuridae,Ctenochaetus,strigosus
Acanthuridae,Ctenochaetus,striatus
Serranidae,Cromileptes,altivelis
Mugilidae,Crenimugil,crenilabis
Labridae,Coris,bulbifrons
Labridae,Coris,bulbifrons
Labridae,Coris,gaimard
Labridae,Coris,aygula
Labridae,Coris,aygula
Labridae,Coris,auricularis
Labridae,Coris,auricularis
Labridae,Coris,dorsomacula
Labridae,Coris,dorsomacula
Labridae,Coris,batuensis
Labridae,Coris,pictoides
Labridae,Coris,centralis
Labridae,Coris,centralis
Labridae,Coris,aurilineata
Labridae,Coris,aurilineata
Labridae,Coris,caudimacula
Labridae,Coris,africana
Labridae,Coris,frerei
Labridae,Coris,frerei
Labridae,Coris,venusta
Labridae,Coris,ballieui
Labridae,Coris,ballieui
Labridae,Coris,flavovittata
Labridae,Coris,flavovittata
Labridae,Conniella,apterygia
Cirrhitidae,Cirrhitus,pinnulatus
Cirrhitidae,Cirrhitops,fasciatus
Cirrhitidae,Cirrhitichthys,aureus
Cirrhitidae,Cirrhitichthys,aprinus
Cirrhitidae,Cirrhitichthys,falco
Cirrhitidae,Cirrhitichthys,oxycephalus
Labridae,Cirrhilabrus,cyanopleura
Labridae,Cirrhilabrus,cyanopleura
Labridae,Cirrhilabrus,katherinae
Labridae,Cirrhilabrus,katherinae
Labridae,Cirrhilabrus,joanallenae
Labridae,Cirrhilabrus,joanallenae
Labridae,Cirrhilabrus,condei
Labridae,Cirrhilabrus,condei
Labridae,Cirrhilabrus,filamentosus
Labridae,Cirrhilabrus,filamentosus
Labridae,Cirrhilabrus,tonozukai
Labridae,Cirrhilabrus,tonozukai
Labridae,Cirrhilabrus,luteovittatus
Labridae,Cirrhilabrus,luteovittatus
Labridae,Cirrhilabrus,sp
Labridae,Cirrhilabrus,walshi
Labridae,Cirrhilabrus,rubripinnis
Labridae,Cirrhilabrus,rubripinnis
Labridae,Cirrhilabrus,laboutei
Labridae,Cirrhilabrus,laboutei
Labridae,Cirrhilabrus,rubrimarginatus
Labridae,Cirrhilabrus,rubrimarginatus
Labridae,Cirrhilabrus,flavidorsalis
Labridae,Cirrhilabrus,flavidorsalis
Labridae,Cirrhilabrus,exquisitus
Labridae,Cirrhilabrus,exquisitus
Labridae,Cirrhilabrus,lubbocki
Labridae,Cirrhilabrus,lubbocki
Labridae,Cirrhilabrus,punctatus
Labridae,Cirrhilabrus,punctatus
Labridae,Cirrhilabrus,scottorum
Labridae,Cirrhilabrus,scottorum
Labridae,Cirrhilabrus,temminckii
Labridae,Cirrhilabrus,temminckii
Labridae,Cirrhilabrus,walindi
Labridae,Cirrhilabrus,walindi
Labridae,Cirrhilabrus,morrisoni
Labridae,Cirrhilabrus,morrisoni
Labridae,Cirrhilabrus,aurantidorsalis
Labridae,Cirrhilabrus,aurantidorsalis
Labridae,Cirrhilabrus,solorensis
Labridae,Cirrhilabrus,solorensis
Labridae,Cirrhilabrus,lineatus
Labridae,Cirrhilabrus,lineatus
Labridae,Cirrhilabrus,rhomboidalis
Labridae,Cirrhilabrus,rhomboidalis
Labridae,Cirrhilabrus,randalli
Labridae,Cirrhilabrus,blatteus
Labridae,Cirrhilabrus,blatteus
Labridae,Cirrhilabrus,balteatus
Labridae,Cirrhilabrus,balteatus
Labridae,Cirrhilabrus,johnsoni
Labridae,Cirrhilabrus,jordani
Labridae,Cirrhilabrus,jordani
Labridae,Cirrhilabrus,rubriventralis
Labridae,Cirrhilabrus,rubriventralis
Pomacentridae,Chrysiptera,brownriggii
Pomacentridae,Chrysiptera,unimaculata
Pomacentridae,Chrysiptera,caeruleolineata
Pomacentridae,Chrysiptera,rollandi
Pomacentridae,Chrysiptera,rex
Pomacentridae,Chrysiptera,talboti
Pomacentridae,Chrysiptera,bleekeri
Pomacentridae,Chrysiptera,flavipinnis
Pomacentridae,Chrysiptera,starcki
Pomacentridae,Chrysiptera,taupou
Pomacentridae,Chrysiptera,parasema
Pomacentridae,Chrysiptera,hemicyanea
Pomacentridae,Chrysiptera,cyanea
Pomacentridae,Chrysiptera,traceyi
Pomacentridae,Chrysiptera,springeri
Pomacentridae,Chrysiptera,cymalitis
Pomacentridae,Chrysiptera,sinclairi
Pomacentridae,Chrysiptera,glauca
Pomacentridae,Chrysiptera,oxycephala
Pomacentridae,Chrysiptera,biocellata
Pomacentridae,Chrysiptera,kuiteri
Pomacentridae,Chrysiptera,tricinctata
Pomacentridae,Chromis,agilis
Pomacentridae,Chromis,flavomaculata
Pomacentridae,Chromis,westaustralis
Pomacentridae,Chromis,notata
Pomacentridae,Chromis,jubauna
Pomacentridae,Chromis,alpha
Pomacentridae,Chromis,albomaculata
Pomacentridae,Chromis,scotochiloptera
Pomacentridae,Chromis,amboinensis
Pomacentridae,Chromis,ternatensis
Pomacentridae,Chromis,fumea
Pomacentridae,Chromis,viridis
Pomacentridae,Chromis,atripectoralis
Pomacentridae,Chromis,xanthochira
Pomacentridae,Chromis,atripes
Pomacentridae,Chromis,flavipectoralis
Pomacentridae,Chromis,ovatiformes
Pomacentridae,Chromis,iomelas
Pomacentridae,Chromis,dimidiata
Pomacentridae,Chromis,caudalis
Pomacentridae,Chromis,chrysura
Pomacentridae,Chromis,margaratifer
Pomacentridae,Chromis,acares
Pomacentridae,Chromis,xanthura
Pomacentridae,Chromis,delta
Pomacentridae,Chromis,leucura
Pomacentridae,Chromis,elerae
Pomacentridae,Chromis,cinerascens
Pomacentridae,Chromis,lepidolepis
Pomacentridae,Chromis,lineata
Pomacentridae,Chromis,vanderbilti
Pomacentridae,Chromis,analis
Pomacentridae,Chromis,opercularis
Pomacentridae,Chromis,weberi
Pomacentridae,Chromis,nitida
Pomacentridae,Chromis,retrofasciata
Labridae,Choerodon,fasciatus
Labridae,Choerodon,graphicus
Labridae,Choerodon,cyanodus
Labridae,Choerodon,rubescens
Labridae,Choerodon,schoenleinii
Labridae,Choerodon,jordani
Labridae,Choerodon,zosterophorus
Labridae,Choerodon,anchorago
Labridae,Choerodon,monostigma
Labridae,Choerodon,oligacanthus
Labridae,Choerodon,vitta
Labridae,Choerodon,cephalotes
Labridae,Choerodon,venustus
Labridae,Choerodon,zamboangae
Scaridae,Chlorurus,bleekeri
Scaridae,Chlorurus,bleekeri
Scaridae,Chlorurus,troschelii
Scaridae,Chlorurus,troschelii
Scaridae,Chlorurus,capistratoides
Scaridae,Chlorurus,capistratoides
Scaridae,Chlorurus,sordidus
Scaridae,Chlorurus,sordidus
Scaridae,Chlorurus,bowersi
Scaridae,Chlorurus,bowersi
Scaridae,Chlorurus,microrhinos
Scaridae,Chlorurus,strongycephalus
Scaridae,Chlorurus,strongycephalus
Scaridae,Chlorurus,japanensis
Scaridae,Chlorurus,japanensis
Scaridae,Chlorurus,frontalis
Scaridae,Chlorurus,frontalis
Scaridae,Chlorurus,cyanescens
Scaridae,Chlorurus,atrilunula
Scaridae,Chlorurus,enneacanthus
Scaridae,Chlorurus,perspicillatus
Scaridae,Chlorurus,perspicillatus
Scaridae,Chlorurus,oedema
Scaridae,Chlorurus,genazonatus
Scaridae,Chlorurus,genazonatus
Pomacentridae,Cheiloprion,labiatus
Labridae,Cheilio,inermis
Labridae,Cheilio,inermis
Labridae,Cheilinus,trilobatus
Labridae,Cheilinus,trilobatus
Labridae,Cheilinus,chlorourus
Labridae,Cheilinus,fasciatus
Labridae,Cheilinus,abudjubbe
Labridae,Cheilinus,undulatus
Labridae,Cheilinus,undulatus
Labridae,Cheilinus,oxycephalus
Labridae,Cheilinus,lunulatus
Labridae,Cheilinus,indulatus
Carangidae,Chanos,chanos
Pomacanthidae,Chaetodontoplus,poliourus
Pomacanthidae,Chaetodontoplus,mesoleucus
Chaetodontidae,Chaetodon,capistratus
Chaetodontidae,Chaetodon,decussatus
Chaetodontidae,Chaetodon,falcula
Chaetodontidae,Chaetodon,auriga
Chaetodontidae,Chaetodon,meyeri
Chaetodontidae,Chaetodon,lunulatus
Chaetodontidae,Chaetodon,triangulum
Chaetodontidae,Chaetodon,andamanensis
Chaetodontidae,Chaetodon,baronessa
Chaetodontidae,Chaetodon,trifacialis
Chaetodontidae,Chaetodon,octofasciatus
Chaetodontidae,Chaetodon,oxycephalus
Chaetodontidae,Chaetodon,trifasciatus
Scaridae,Cetoscarus,bicolor
Scaridae,Cetoscarus,ocellatus
Serranidae,Cephalopholis,argus
Serranidae,Cephalopholis,cyanostigma
Serranidae,Cephalopholis,formosa
Serranidae,Cephalopholis,polleni
Serranidae,Cephalopholis,boenak
Serranidae,Cephalopholis,leopardus
Serranidae,Cephalopholis,urodeta
Serranidae,Cephalopholis,spiloparaea
Serranidae,Cephalopholis,miniata
Serranidae,Cephalopholis,sexmaculata
Serranidae,Cephalopholis,sonnerati
Serranidae,Cephalopholis,microprion
Serranidae,Cephalopholis,oligosticta
Serranidae,Cephalopholis,hemistiktos
Serranidae,Cephalopholis,aurantia
Serranidae,Cephalopholis,polyspila
Serranidae,Cephalopholis,nigripinnis
Pomacanthidae,Centropyge,eibli
Pomacanthidae,Centropyge,multispinis
Pomacanthidae,Centropyge,nox
Centrogeniidae,Centrogenys,vaigiensis
Carangidae,Caranx,lugubris
Carangidae,Caranx,melampygus
Carangidae,Caranx,papuensis
Carangidae,Caranx,sexfasciatus
Carangidae,Caranx,ignobilis
Carangidae,Caranx,tille
Carangidae,Carangoides ,fulvoguttatus
Carangidae,Carangoides ,gymnostethus
Carangidae,Carangoides ,plagiotaenia
Carangidae,Carangoides ,bajad
Carangidae,Carangoides ,oblongus
Carangidae,Carangoides ,orthogrammus
Carangidae,Carangoides ,ferdau
Carangidae,Carangoides ,chrysophrys
Carangidae,Carangoides ,dinema
Scaridae,Calotomus,spinidens
Scaridae,Calotomus,spinidens
Scaridae,Calotomus,carolinus
Scaridae,Calotomus,carolinus
Scaridae,Calotomus,viridescens
Scaridae,Calotomus,viridescens
Scaridae,Calotomus,zonarchus
Scaridae,Calotomus,zonarchus
Scaridae,Calotomus,japonicus
Caesionidae,Caesio,cuning
Caesionidae,Caesio,teres
Caesionidae,Caesio,xanthonota
Caesionidae,Caesio,lunaris
Caesionidae,Caesio,varilineata
Caesionidae,Caesio,caerulaurea
Caesionidae,Caesio,suevica
Caesionidae,Caesio,striata
Scaridae,Bulbometopon,muricatum
Scaridae,Bulbometopon,muricatum
Labridae,Bodianus,axillaris
Labridae,Bodianus,mesothorax
Labridae,Bodianus,bilunulatus
Labridae,Bodianus,bilunulatus
Labridae,Bodianus,diana
Labridae,Bodianus,anthioides
Labridae,Bodianus,bimaculatus
Labridae,Bodianus,perditio
Labridae,Bodianus,opercularis
Labridae,Bodianus,vulpinus
Labridae,Bodianus,macrourus
Labridae,Bodianus,neilli
Labridae,Bodianus,loxozonus
Labridae,Bodianus,prognathus
Serranidae,Belonoperca,chabanaudi
Balistidae,Balistapus,undulatus
Pomacentridae,Azurina,cyanea
Atherinidae,Atherinomorus,lacunosus
Atherinidae,Atherinomorus,endrachtensis
Lutjanidae,Aprion,virescens
Lutjanidae,Aphareus,furca
Serranidae,Anyperodon,leucogrammicus
Labridae,Anampses,melanurus
Labridae,Anampses,melanurus
Labridae,Anampses,lineatus
Labridae,Anampses,lineatus
Labridae,Anampses,meleagrides
Labridae,Anampses,meleagrides
Labridae,Anampses,femininus
Labridae,Anampses,femininus
Labridae,Anampses,caeruleopunctatus
Labridae,Anampses,caeruleopunctatus
Labridae,Anampses,twistii
Labridae,Anampses,twistii
Labridae,Anampses,lennardi
Labridae,Anampses,lennardi
Labridae,Anampses,elegans
Labridae,Anampses,elegans
Labridae,Anampses,neoguinaicus
Labridae,Anampses,neoguinaicus
Labridae,Anampses,geographicus
Labridae,Anampses,geographicus
Labridae,Anampses,cuvier
Labridae,Anampses,cuvier
Labridae,Anampses,chrysocephalus
Labridae,Anampses,chrysocephalus
Pomacentridae,Amphiprion,percula
Pomacentridae,Amphiprion,ocellaris
Pomacentridae,Amphiprion,ephippium
Pomacentridae,Amphiprion,melanopus
Pomacentridae,Amphiprion,rubrocinctus
Pomacentridae,Amphiprion,akallopsis
Pomacentridae,Amphiprion,sandaracinos
Pomacentridae,Amphiprion,perideraion
Pomacentridae,Amphiprion,leucokranos
Pomacentridae,Amphiprion,polymnus
Pomacentridae,Amphiprion,latezonatus
Pomacentridae,Amphiprion,chrysopterus
Pomacentridae,Amphiprion,tricinctus
Pomacentridae,Amphiprion,clarkii
Pomacentridae,Amphiprion,frenatus
Pomacentridae,Amphiprion,mccullochi
Pomacentridae,Amphiprion,akindynos
Pomacentridae,Amphiprion,sebae
Pomacentridae,Amblygliphidodon,silolona
Pomacentridae,Amblygliphidodon,aureus
Pomacentridae,Amblygliphidodon,batunaorum
Cirrhitidae,Amblycirrhites,bimacula
Carangidae,Alectis ,ciliaris
Carangidae,Alectis ,indicus
Serranidae,Aethaloperca,rogaa
Acanthuridae,Acanthurus,triostegus 
Acanthuridae,Acanthurus,polyzona
Acanthuridae,Acanthurus,albipectoralis
Acanthuridae,Acanthurus,blochii
Acanthuridae,Acanthurus,leucosternon 
Acanthuridae,Acanthurus,nigricans 
Acanthuridae,Acanthurus,achilles
Acanthuridae,Acanthurus,japonicus
Acanthuridae,Acanthurus,lineatus
Acanthuridae,Acanthurus,sohal
Acanthuridae,Acanthurus,dussumieri
Acanthuridae,Acanthurus,xanthopterus
Acanthuridae,Acanthurus,leucopareius
Acanthuridae,Acanthurus,tristis
Acanthuridae,Acanthurus,pyroferus
Acanthuridae,Acanthurus,thompsoni
Acanthuridae,Acanthurus,nigrofuscus
Acanthuridae,Acanthurus,nigricauda
Acanthuridae,Acanthurus,auranticavus
Sparidae,Acanthopagrus,berda
Sparidae,Acanthopagrus,bifasciatus
Scombridae,Acanthocybium,solandri
Pomacentridae,Acanthochromis,polyacanthus
Pomacentridae,Abudefduf,bengalensis
Pomacentridae,Abudefduf,lorenzi
Pomacentridae,Abudefduf,sexfasciatus
Pomacentridae,Abudefduf,notatus
Pomacentridae,Abudefduf,septemfasciatus
Pomacentridae,Abudefduf,sordidus
Pomacentridae,Abudefduf,vaigiensis
Pomacentridae,Abudefduf,whitleyi
Pomacentridae,Abudefduf,natalensis
Pomacentridae,Abudefduf,margariteus
Pomacentridae,Abudefduf,sparoides
Balistidae,Balistoides,viridescens
Muraenidae,Gymnothorax,flavimarginatus
Fistulariidae,Fistularia,commersonii
Balistidae,Odonus,niger
Echeneidae,Remora,remora
Carangidae,Atule,mate
Aetobatidae,Aetobatus,narinari
Aetobatidae,Aetobatus,ocellatus
Muraenidae,Gymnothorax,javanicus
Dasyatidae,Urogymnus,granulatus
Carcharhinidae,Carcharhinus,melanopterus
Scorpaenidae,Pterois,volitans
